"filename", "language", "YAML", "Ignore", "PL/SQL", "Markdown", "XML", "Properties", "Java", "Batch", "Log", "Docker", "comment", "blank", "total"
"c:\Users\andre\Desktop\TPCM_Reshape\KafkaConsumerTPCM\.mvn\wrapper\maven-wrapper.properties", "Properties", 0, 0, 0, 0, 0, 3, 0, 0, 0, 0, 16, 1, 20
"c:\Users\andre\Desktop\TPCM_Reshape\KafkaConsumerTPCM\ModelConsumator.java", "Java", 0, 0, 0, 0, 0, 0, 5, 0, 0, 0, 0, 1, 6
"c:\Users\andre\Desktop\TPCM_Reshape\KafkaConsumerTPCM\docker-compose.yaml", "YAML", 17, 0, 0, 0, 0, 0, 0, 0, 0, 0, 0, 0, 17
"c:\Users\andre\Desktop\TPCM_Reshape\KafkaConsumerTPCM\docker\consumer\application-docker.properties", "Properties", 0, 0, 0, 0, 0, 1, 0, 0, 0, 0, 0, 1, 2
"c:\Users\andre\Desktop\TPCM_Reshape\KafkaConsumerTPCM\mvnw.cmd", "Batch", 0, 0, 0, 0, 0, 0, 0, 108, 0, 0, 26, 16, 150
"c:\Users\andre\Desktop\TPCM_Reshape\KafkaConsumerTPCM\pom.xml", "XML", 0, 0, 0, 0, 174, 0, 0, 0, 0, 0, 0, 5, 179
"c:\Users\andre\Desktop\TPCM_Reshape\KafkaConsumerTPCM\src\main\java\com\example\kafkaconsumer\KafkaConsumerApplication.java", "Java", 0, 0, 0, 0, 0, 0, 9, 0, 0, 0, 0, 5, 14
"c:\Users\andre\Desktop\TPCM_Reshape\KafkaConsumerTPCM\src\main\java\com\example\kafkaconsumer\config\AppDataSourceConfig.java", "Java", 0, 0, 0, 0, 0, 0, 74, 0, 0, 0, 0, 12, 86
"c:\Users\andre\Desktop\TPCM_Reshape\KafkaConsumerTPCM\src\main\java\com\example\kafkaconsumer\config\ClientsDataSourceConfig.java", "Java", 0, 0, 0, 0, 0, 0, 58, 0, 0, 0, 0, 8, 66
"c:\Users\andre\Desktop\TPCM_Reshape\KafkaConsumerTPCM\src\main\java\com\example\kafkaconsumer\config\KafkaConsumerConfig.java", "Java", 0, 0, 0, 0, 0, 0, 36, 0, 0, 0, 0, 7, 43
"c:\Users\andre\Desktop\TPCM_Reshape\KafkaConsumerTPCM\src\main\java\com\example\kafkaconsumer\domain\kafka\KafkaConsumer.java", "Java", 0, 0, 0, 0, 0, 0, 55, 0, 0, 0, 0, 8, 63
"c:\Users\andre\Desktop\TPCM_Reshape\KafkaConsumerTPCM\src\main\java\com\example\kafkaconsumer\domain\tpcm\AbstractMessageProcessor.java", "Java", 0, 0, 0, 0, 0, 0, 5, 0, 0, 0, 0, 2, 7
"c:\Users\andre\Desktop\TPCM_Reshape\KafkaConsumerTPCM\src\main\java\com\example\kafkaconsumer\domain\tpcm\BaseMessageProcessor.java", "Java", 0, 0, 0, 0, 0, 0, 18, 0, 0, 0, 1, 3, 22
"c:\Users\andre\Desktop\TPCM_Reshape\KafkaConsumerTPCM\src\main\java\com\example\kafkaconsumer\domain\tpcm\ChangeMsisdnProcessor.java", "Java", 0, 0, 0, 0, 0, 0, 111, 0, 0, 0, 0, 18, 129
"c:\Users\andre\Desktop\TPCM_Reshape\KafkaConsumerTPCM\src\main\java\com\example\kafkaconsumer\domain\tpcm\ChangeSubscriberTypeProcessor.java", "Java", 0, 0, 0, 0, 0, 0, 111, 0, 0, 0, 0, 19, 130
"c:\Users\andre\Desktop\TPCM_Reshape\KafkaConsumerTPCM\src\main\java\com\example\kafkaconsumer\domain\tpcm\CloseCustomerProcessor.java", "Java", 0, 0, 0, 0, 0, 0, 45, 0, 0, 0, 0, 9, 54
"c:\Users\andre\Desktop\TPCM_Reshape\KafkaConsumerTPCM\src\main\java\com\example\kafkaconsumer\domain\tpcm\CloseSubscriberProcessor.java", "Java", 0, 0, 0, 0, 0, 0, 67, 0, 0, 0, 0, 13, 80
"c:\Users\andre\Desktop\TPCM_Reshape\KafkaConsumerTPCM\src\main\java\com\example\kafkaconsumer\domain\tpcm\CloseUserProcessor.java", "Java", 0, 0, 0, 0, 0, 0, 38, 0, 0, 0, 0, 8, 46
"c:\Users\andre\Desktop\TPCM_Reshape\KafkaConsumerTPCM\src\main\java\com\example\kafkaconsumer\domain\tpcm\CreateCustomerProcessor.java", "Java", 0, 0, 0, 0, 0, 0, 40, 0, 0, 0, 0, 8, 48
"c:\Users\andre\Desktop\TPCM_Reshape\KafkaConsumerTPCM\src\main\java\com\example\kafkaconsumer\domain\tpcm\CreateSubscriberProcessor.java", "Java", 0, 0, 0, 0, 0, 0, 94, 0, 0, 0, 0, 18, 112
"c:\Users\andre\Desktop\TPCM_Reshape\KafkaConsumerTPCM\src\main\java\com\example\kafkaconsumer\domain\tpcm\CreateUserProcessor.java", "Java", 0, 0, 0, 0, 0, 0, 45, 0, 0, 0, 0, 11, 56
"c:\Users\andre\Desktop\TPCM_Reshape\KafkaConsumerTPCM\src\main\java\com\example\kafkaconsumer\domain\tpcm\MessageProcessorFactory.java", "Java", 0, 0, 0, 0, 0, 0, 41, 0, 0, 0, 0, 4, 45
"c:\Users\andre\Desktop\TPCM_Reshape\KafkaConsumerTPCM\src\main\java\com\example\kafkaconsumer\domain\tpcm\SetBillDayProcessor.java", "Java", 0, 0, 0, 0, 0, 0, 61, 0, 0, 0, 0, 11, 72
"c:\Users\andre\Desktop\TPCM_Reshape\KafkaConsumerTPCM\src\main\java\com\example\kafkaconsumer\domain\tpcm\UpdateCustomerNameProcessor.java", "Java", 0, 0, 0, 0, 0, 0, 61, 0, 0, 0, 0, 11, 72
"c:\Users\andre\Desktop\TPCM_Reshape\KafkaConsumerTPCM\src\main\java\com\example\kafkaconsumer\domain\tpcm\UpdateCustomerTypeProcessor.java", "Java", 0, 0, 0, 0, 0, 0, 61, 0, 0, 0, 0, 11, 72
"c:\Users\andre\Desktop\TPCM_Reshape\KafkaConsumerTPCM\src\main\java\com\example\kafkaconsumer\domain\tpcm\UpdateSubscriberCustomerProcessor.java", "Java", 0, 0, 0, 0, 0, 0, 125, 0, 0, 0, 0, 22, 147
"c:\Users\andre\Desktop\TPCM_Reshape\KafkaConsumerTPCM\src\main\java\com\example\kafkaconsumer\domain\tpcm\UpdateSubscriberStatusProcessor.java", "Java", 0, 0, 0, 0, 0, 0, 115, 0, 0, 0, 0, 20, 135
"c:\Users\andre\Desktop\TPCM_Reshape\KafkaConsumerTPCM\src\main\java\com\example\kafkaconsumer\domain\tpcm\UpdateUserProcessor.java", "Java", 0, 0, 0, 0, 0, 0, 68, 0, 0, 0, 0, 14, 82
"c:\Users\andre\Desktop\TPCM_Reshape\KafkaConsumerTPCM\src\main\java\com\example\kafkaconsumer\entity\BaseTopicEntry.java", "Java", 0, 0, 0, 0, 0, 0, 10, 0, 0, 0, 0, 3, 13
"c:\Users\andre\Desktop\TPCM_Reshape\KafkaConsumerTPCM\src\main\java\com\example\kafkaconsumer\entity\ChangeMsisdn.java", "Java", 0, 0, 0, 0, 0, 0, 19, 0, 0, 0, 0, 4, 23
"c:\Users\andre\Desktop\TPCM_Reshape\KafkaConsumerTPCM\src\main\java\com\example\kafkaconsumer\entity\ChangeSubscriberType.java", "Java", 0, 0, 0, 0, 0, 0, 19, 0, 0, 0, 0, 4, 23
"c:\Users\andre\Desktop\TPCM_Reshape\KafkaConsumerTPCM\src\main\java\com\example\kafkaconsumer\entity\CloseCustomer.java", "Java", 0, 0, 0, 0, 0, 0, 15, 0, 0, 0, 0, 4, 19
"c:\Users\andre\Desktop\TPCM_Reshape\KafkaConsumerTPCM\src\main\java\com\example\kafkaconsumer\entity\CloseSubscriber.java", "Java", 0, 0, 0, 0, 0, 0, 15, 0, 0, 0, 0, 4, 19
"c:\Users\andre\Desktop\TPCM_Reshape\KafkaConsumerTPCM\src\main\java\com\example\kafkaconsumer\entity\CloseUser.java", "Java", 0, 0, 0, 0, 0, 0, 17, 0, 0, 0, 0, 5, 22
"c:\Users\andre\Desktop\TPCM_Reshape\KafkaConsumerTPCM\src\main\java\com\example\kafkaconsumer\entity\CreateCustomer.java", "Java", 0, 0, 0, 0, 0, 0, 21, 0, 0, 0, 0, 4, 25
"c:\Users\andre\Desktop\TPCM_Reshape\KafkaConsumerTPCM\src\main\java\com\example\kafkaconsumer\entity\CreateSubscriber.java", "Java", 0, 0, 0, 0, 0, 0, 19, 0, 0, 0, 0, 4, 23
"c:\Users\andre\Desktop\TPCM_Reshape\KafkaConsumerTPCM\src\main\java\com\example\kafkaconsumer\entity\CreateUser.java", "Java", 0, 0, 0, 0, 0, 0, 17, 0, 0, 0, 0, 4, 21
"c:\Users\andre\Desktop\TPCM_Reshape\KafkaConsumerTPCM\src\main\java\com\example\kafkaconsumer\entity\SetBillDay.java", "Java", 0, 0, 0, 0, 0, 0, 19, 0, 0, 0, 0, 4, 23
"c:\Users\andre\Desktop\TPCM_Reshape\KafkaConsumerTPCM\src\main\java\com\example\kafkaconsumer\entity\SupportedOperationType.java", "Java", 0, 0, 0, 0, 0, 0, 23, 0, 0, 0, 0, 6, 29
"c:\Users\andre\Desktop\TPCM_Reshape\KafkaConsumerTPCM\src\main\java\com\example\kafkaconsumer\entity\UpdateCustomerName.java", "Java", 0, 0, 0, 0, 0, 0, 19, 0, 0, 0, 0, 4, 23
"c:\Users\andre\Desktop\TPCM_Reshape\KafkaConsumerTPCM\src\main\java\com\example\kafkaconsumer\entity\UpdateCustomerType.java", "Java", 0, 0, 0, 0, 0, 0, 19, 0, 0, 0, 0, 4, 23
"c:\Users\andre\Desktop\TPCM_Reshape\KafkaConsumerTPCM\src\main\java\com\example\kafkaconsumer\entity\UpdateSubscriberCustomer.java", "Java", 0, 0, 0, 0, 0, 0, 19, 0, 0, 0, 0, 4, 23
"c:\Users\andre\Desktop\TPCM_Reshape\KafkaConsumerTPCM\src\main\java\com\example\kafkaconsumer\entity\UpdateSubscriberStatus.java", "Java", 0, 0, 0, 0, 0, 0, 19, 0, 0, 0, 0, 4, 23
"c:\Users\andre\Desktop\TPCM_Reshape\KafkaConsumerTPCM\src\main\java\com\example\kafkaconsumer\entity\UpdateUser.java", "Java", 0, 0, 0, 0, 0, 0, 17, 0, 0, 0, 0, 4, 21
"c:\Users\andre\Desktop\TPCM_Reshape\KafkaConsumerTPCM\src\main\java\com\example\kafkaconsumer\model\app\AppUser.java", "Java", 0, 0, 0, 0, 0, 0, 29, 0, 0, 0, 5, 11, 45
"c:\Users\andre\Desktop\TPCM_Reshape\KafkaConsumerTPCM\src\main\java\com\example\kafkaconsumer\model\app\Customer.java", "Java", 0, 0, 0, 0, 0, 0, 26, 0, 0, 0, 5, 10, 41
"c:\Users\andre\Desktop\TPCM_Reshape\KafkaConsumerTPCM\src\main\java\com\example\kafkaconsumer\model\app\Limit.java", "Java", 0, 0, 0, 0, 0, 0, 30, 0, 0, 0, 2, 9, 41
"c:\Users\andre\Desktop\TPCM_Reshape\KafkaConsumerTPCM\src\main\java\com\example\kafkaconsumer\model\app\LogEvent.java", "Java", 0, 0, 0, 0, 0, 0, 35, 0, 0, 0, 1, 11, 47
"c:\Users\andre\Desktop\TPCM_Reshape\KafkaConsumerTPCM\src\main\java\com\example\kafkaconsumer\model\app\Subscriber.java", "Java", 0, 0, 0, 0, 0, 0, 36, 0, 0, 0, 4, 11, 51
"c:\Users\andre\Desktop\TPCM_Reshape\KafkaConsumerTPCM\src\main\java\com\example\kafkaconsumer\model\app\ThirdParty.java", "Java", 0, 0, 0, 0, 0, 0, 23, 0, 0, 0, 5, 8, 36
"c:\Users\andre\Desktop\TPCM_Reshape\KafkaConsumerTPCM\src\main\java\com\example\kafkaconsumer\model\app\Transaction.java", "Java", 0, 0, 0, 0, 0, 0, 40, 0, 0, 0, 4, 14, 58
"c:\Users\andre\Desktop\TPCM_Reshape\KafkaConsumerTPCM\src\main\java\com\example\kafkaconsumer\model\clients\AppUser.java", "Java", 0, 0, 0, 0, 0, 0, 25, 0, 0, 0, 4, 9, 38
"c:\Users\andre\Desktop\TPCM_Reshape\KafkaConsumerTPCM\src\main\java\com\example\kafkaconsumer\model\clients\Customer.java", "Java", 0, 0, 0, 0, 0, 0, 37, 0, 0, 0, 8, 14, 59
"c:\Users\andre\Desktop\TPCM_Reshape\KafkaConsumerTPCM\src\main\java\com\example\kafkaconsumer\model\clients\CustomerLogs.java", "Java", 0, 0, 0, 0, 0, 0, 34, 0, 0, 0, 1, 11, 46
"c:\Users\andre\Desktop\TPCM_Reshape\KafkaConsumerTPCM\src\main\java\com\example\kafkaconsumer\model\clients\Subscriber.java", "Java", 0, 0, 0, 0, 0, 0, 25, 0, 0, 0, 4, 8, 37
"c:\Users\andre\Desktop\TPCM_Reshape\KafkaConsumerTPCM\src\main\java\com\example\kafkaconsumer\model\clients\SubscriberLogs.java", "Java", 0, 0, 0, 0, 0, 0, 34, 0, 0, 0, 1, 11, 46
"c:\Users\andre\Desktop\TPCM_Reshape\KafkaConsumerTPCM\src\main\java\com\example\kafkaconsumer\repository\app\AppUserRepositoryApp.java", "Java", 0, 0, 0, 0, 0, 0, 10, 0, 0, 0, 0, 3, 13
"c:\Users\andre\Desktop\TPCM_Reshape\KafkaConsumerTPCM\src\main\java\com\example\kafkaconsumer\repository\app\CustomerRepositoryApp.java", "Java", 0, 0, 0, 0, 0, 0, 11, 0, 0, 0, 0, 3, 14
"c:\Users\andre\Desktop\TPCM_Reshape\KafkaConsumerTPCM\src\main\java\com\example\kafkaconsumer\repository\app\LimitRepository.java", "Java", 0, 0, 0, 0, 0, 0, 10, 0, 0, 0, 0, 3, 13
"c:\Users\andre\Desktop\TPCM_Reshape\KafkaConsumerTPCM\src\main\java\com\example\kafkaconsumer\repository\app\SubscriberRepositoryApp.java", "Java", 0, 0, 0, 0, 0, 0, 12, 0, 0, 0, 0, 3, 15
"c:\Users\andre\Desktop\TPCM_Reshape\KafkaConsumerTPCM\src\main\java\com\example\kafkaconsumer\repository\clients\AppUserRepositoryClients.java", "Java", 0, 0, 0, 0, 0, 0, 7, 0, 0, 0, 0, 2, 9
"c:\Users\andre\Desktop\TPCM_Reshape\KafkaConsumerTPCM\src\main\java\com\example\kafkaconsumer\repository\clients\CustomerRepositoryClients.java", "Java", 0, 0, 0, 0, 0, 0, 7, 0, 0, 0, 0, 2, 9
"c:\Users\andre\Desktop\TPCM_Reshape\KafkaConsumerTPCM\src\main\java\com\example\kafkaconsumer\repository\clients\SubscriberRepositoryClients.java", "Java", 0, 0, 0, 0, 0, 0, 7, 0, 0, 0, 0, 2, 9
"c:\Users\andre\Desktop\TPCM_Reshape\KafkaConsumerTPCM\src\main\java\com\example\kafkaconsumer\util\DataSourceUtil.java", "Java", 0, 0, 0, 0, 0, 0, 28, 0, 0, 0, 0, 10, 38
"c:\Users\andre\Desktop\TPCM_Reshape\KafkaConsumerTPCM\src\main\java\com\example\kafkaconsumer\util\HikariConstants.java", "Java", 0, 0, 0, 0, 0, 0, 7, 0, 0, 0, 0, 3, 10
"c:\Users\andre\Desktop\TPCM_Reshape\KafkaConsumerTPCM\src\main\java\com\example\kafkaconsumer\util\ImportProcessor.java", "Java", 0, 0, 0, 0, 0, 0, 54, 0, 0, 0, 0, 8, 62
"c:\Users\andre\Desktop\TPCM_Reshape\KafkaConsumerTPCM\src\main\resources\application.properties", "Properties", 0, 0, 0, 0, 0, 5, 0, 0, 0, 0, 18, 1, 24
"c:\Users\andre\Desktop\TPCM_Reshape\KafkaConsumerTPCM\src\test\java\com\example\kafkaconsumer\KafkaConsumerApplicationTests.java", "Java", 0, 0, 0, 0, 0, 0, 9, 0, 0, 0, 0, 5, 14
"c:\Users\andre\Desktop\TPCM_Reshape\TPCM_Voice_Simulator\.idea\compiler.xml", "XML", 0, 0, 0, 0, 22, 0, 0, 0, 0, 0, 0, 0, 22
"c:\Users\andre\Desktop\TPCM_Reshape\TPCM_Voice_Simulator\.idea\dataSources.xml", "XML", 0, 0, 0, 0, 19, 0, 0, 0, 0, 0, 0, 0, 19
"c:\Users\andre\Desktop\TPCM_Reshape\TPCM_Voice_Simulator\.idea\encodings.xml", "XML", 0, 0, 0, 0, 6, 0, 0, 0, 0, 0, 0, 0, 6
"c:\Users\andre\Desktop\TPCM_Reshape\TPCM_Voice_Simulator\.idea\inspectionProfiles\Project_Default.xml", "XML", 0, 0, 0, 0, 10, 0, 0, 0, 0, 0, 0, 0, 10
"c:\Users\andre\Desktop\TPCM_Reshape\TPCM_Voice_Simulator\.idea\jarRepositories.xml", "XML", 0, 0, 0, 0, 20, 0, 0, 0, 0, 0, 0, 0, 20
"c:\Users\andre\Desktop\TPCM_Reshape\TPCM_Voice_Simulator\.idea\material_theme_project_new.xml", "XML", 0, 0, 0, 0, 12, 0, 0, 0, 0, 0, 0, 0, 12
"c:\Users\andre\Desktop\TPCM_Reshape\TPCM_Voice_Simulator\.idea\misc.xml", "XML", 0, 0, 0, 0, 14, 0, 0, 0, 0, 0, 0, 0, 14
"c:\Users\andre\Desktop\TPCM_Reshape\TPCM_Voice_Simulator\.idea\sqldialects.xml", "XML", 0, 0, 0, 0, 7, 0, 0, 0, 0, 0, 0, 0, 7
"c:\Users\andre\Desktop\TPCM_Reshape\TPCM_Voice_Simulator\.idea\vcs.xml", "XML", 0, 0, 0, 0, 6, 0, 0, 0, 0, 0, 0, 0, 6
"c:\Users\andre\Desktop\TPCM_Reshape\TPCM_Voice_Simulator\.mvn\wrapper\maven-wrapper.properties", "Properties", 0, 0, 0, 0, 0, 3, 0, 0, 0, 0, 16, 1, 20
"c:\Users\andre\Desktop\TPCM_Reshape\TPCM_Voice_Simulator\HELP.md", "Markdown", 0, 0, 0, 34, 0, 0, 0, 0, 0, 0, 0, 10, 44
"c:\Users\andre\Desktop\TPCM_Reshape\TPCM_Voice_Simulator\README.md", "Markdown", 0, 0, 0, 1, 0, 0, 0, 0, 0, 0, 0, 0, 1
"c:\Users\andre\Desktop\TPCM_Reshape\TPCM_Voice_Simulator\mvnw.cmd", "Batch", 0, 0, 0, 0, 0, 0, 0, 108, 0, 0, 26, 16, 150
"c:\Users\andre\Desktop\TPCM_Reshape\TPCM_Voice_Simulator\pom.xml", "XML", 0, 0, 0, 0, 113, 0, 0, 0, 0, 0, 0, 4, 117
"c:\Users\andre\Desktop\TPCM_Reshape\TPCM_Voice_Simulator\sql\create_tables.sql", "PL/SQL", 0, 0, 18, 0, 0, 0, 0, 0, 0, 0, 0, 2, 20
"c:\Users\andre\Desktop\TPCM_Reshape\TPCM_Voice_Simulator\src\main\java\com\example\tpcm_voice_simulator\TpcmVoiceSimulatorApplication.java", "Java", 0, 0, 0, 0, 0, 0, 9, 0, 0, 0, 0, 5, 14
"c:\Users\andre\Desktop\TPCM_Reshape\TPCM_Voice_Simulator\src\main\java\com\example\tpcm_voice_simulator\client\TpcmClient.java", "Java", 0, 0, 0, 0, 0, 0, 87, 0, 0, 0, 0, 29, 116
"c:\Users\andre\Desktop\TPCM_Reshape\TPCM_Voice_Simulator\src\main\java\com\example\tpcm_voice_simulator\config\CorsConfig.java", "Java", 0, 0, 0, 0, 0, 0, 43, 0, 0, 0, 0, 12, 55
"c:\Users\andre\Desktop\TPCM_Reshape\TPCM_Voice_Simulator\src\main\java\com\example\tpcm_voice_simulator\config\VoiceDataSourceConfig.java", "Java", 0, 0, 0, 0, 0, 0, 65, 0, 0, 0, 0, 8, 73
"c:\Users\andre\Desktop\TPCM_Reshape\TPCM_Voice_Simulator\src\main\java\com\example\tpcm_voice_simulator\controller\PremiumNumberController.java", "Java", 0, 0, 0, 0, 0, 0, 53, 0, 0, 0, 0, 9, 62
"c:\Users\andre\Desktop\TPCM_Reshape\TPCM_Voice_Simulator\src\main\java\com\example\tpcm_voice_simulator\controller\VoiceCallController.java", "Java", 0, 0, 0, 0, 0, 0, 53, 0, 0, 0, 0, 9, 62
"c:\Users\andre\Desktop\TPCM_Reshape\TPCM_Voice_Simulator\src\main\java\com\example\tpcm_voice_simulator\controller\VoiceSimulatorController.java", "Java", 0, 0, 0, 0, 0, 0, 20, 0, 0, 0, 0, 4, 24
"c:\Users\andre\Desktop\TPCM_Reshape\TPCM_Voice_Simulator\src\main\java\com\example\tpcm_voice_simulator\dto\CallRequest.java", "Java", 0, 0, 0, 0, 0, 0, 8, 0, 0, 0, 0, 3, 11
"c:\Users\andre\Desktop\TPCM_Reshape\TPCM_Voice_Simulator\src\main\java\com\example\tpcm_voice_simulator\dto\CallResponse.java", "Java", 0, 0, 0, 0, 0, 0, 8, 0, 0, 0, 0, 3, 11
"c:\Users\andre\Desktop\TPCM_Reshape\TPCM_Voice_Simulator\src\main\java\com\example\tpcm_voice_simulator\exceptions\ConflictException.java", "Java", 0, 0, 0, 0, 0, 0, 12, 0, 0, 0, 0, 2, 14
"c:\Users\andre\Desktop\TPCM_Reshape\TPCM_Voice_Simulator\src\main\java\com\example\tpcm_voice_simulator\exceptions\ErrorMessageTemplate.java", "Java", 0, 0, 0, 0, 0, 0, 12, 0, 0, 0, 0, 2, 14
"c:\Users\andre\Desktop\TPCM_Reshape\TPCM_Voice_Simulator\src\main\java\com\example\tpcm_voice_simulator\exceptions\GlobalExceptionHandler.java", "Java", 0, 0, 0, 0, 0, 0, 37, 0, 0, 0, 0, 8, 45
"c:\Users\andre\Desktop\TPCM_Reshape\TPCM_Voice_Simulator\src\main\java\com\example\tpcm_voice_simulator\exceptions\NotFoundException.java", "Java", 0, 0, 0, 0, 0, 0, 12, 0, 0, 0, 0, 2, 14
"c:\Users\andre\Desktop\TPCM_Reshape\TPCM_Voice_Simulator\src\main\java\com\example\tpcm_voice_simulator\exceptions\ValidationException.java", "Java", 0, 0, 0, 0, 0, 0, 12, 0, 0, 0, 0, 2, 14
"c:\Users\andre\Desktop\TPCM_Reshape\TPCM_Voice_Simulator\src\main\java\com\example\tpcm_voice_simulator\model\PremiumNumber.java", "Java", 0, 0, 0, 0, 0, 0, 27, 0, 0, 0, 0, 9, 36
"c:\Users\andre\Desktop\TPCM_Reshape\TPCM_Voice_Simulator\src\main\java\com\example\tpcm_voice_simulator\model\VoiceCall.java", "Java", 0, 0, 0, 0, 0, 0, 29, 0, 0, 0, 0, 8, 37
"c:\Users\andre\Desktop\TPCM_Reshape\TPCM_Voice_Simulator\src\main\java\com\example\tpcm_voice_simulator\repository\PremiumNumberRepository.java", "Java", 0, 0, 0, 0, 0, 0, 10, 0, 0, 0, 0, 4, 14
"c:\Users\andre\Desktop\TPCM_Reshape\TPCM_Voice_Simulator\src\main\java\com\example\tpcm_voice_simulator\repository\VoiceCallRepository.java", "Java", 0, 0, 0, 0, 0, 0, 7, 0, 0, 0, 0, 2, 9
"c:\Users\andre\Desktop\TPCM_Reshape\TPCM_Voice_Simulator\src\main\java\com\example\tpcm_voice_simulator\service\PremiumNumberService.java", "Java", 0, 0, 0, 0, 0, 0, 24, 0, 0, 0, 0, 8, 32
"c:\Users\andre\Desktop\TPCM_Reshape\TPCM_Voice_Simulator\src\main\java\com\example\tpcm_voice_simulator\service\VoiceCallService.java", "Java", 0, 0, 0, 0, 0, 0, 24, 0, 0, 0, 0, 8, 32
"c:\Users\andre\Desktop\TPCM_Reshape\TPCM_Voice_Simulator\src\main\java\com\example\tpcm_voice_simulator\service\VoiceSimulatorService.java", "Java", 0, 0, 0, 0, 0, 0, 203, 0, 0, 0, 6, 53, 262
"c:\Users\andre\Desktop\TPCM_Reshape\TPCM_Voice_Simulator\src\main\java\com\example\tpcm_voice_simulator\util\DataSourceUtil.java", "Java", 0, 0, 0, 0, 0, 0, 22, 0, 0, 0, 0, 7, 29
"c:\Users\andre\Desktop\TPCM_Reshape\TPCM_Voice_Simulator\src\main\resources\application.properties", "Properties", 0, 0, 0, 0, 0, 5, 0, 0, 0, 0, 7, 1, 13
"c:\Users\andre\Desktop\TPCM_Reshape\TPCM_Voice_Simulator\src\test\java\com\example\tpcm_voice_simulator\TpcmVoiceSimulatorApplicationTests.java", "Java", 0, 0, 0, 0, 0, 0, 9, 0, 0, 0, 0, 5, 14
"c:\Users\andre\Desktop\TPCM_Reshape\db\create_indexes\create_indexes_app.sql", "PL/SQL", 0, 0, 5, 0, 0, 0, 0, 0, 0, 0, 0, 2, 7
"c:\Users\andre\Desktop\TPCM_Reshape\db\create_indexes\create_indexes_clients.sql", "PL/SQL", 0, 0, 3, 0, 0, 0, 0, 0, 0, 0, 0, 1, 4
"c:\Users\andre\Desktop\TPCM_Reshape\db\create_tables\create_tables_app.sql", "PL/SQL", 0, 0, 110, 0, 0, 0, 0, 0, 0, 0, 8, 9, 127
"c:\Users\andre\Desktop\TPCM_Reshape\db\create_tables\create_tables_clients.sql", "PL/SQL", 0, 0, 75, 0, 0, 0, 0, 0, 0, 0, 7, 13, 95
"c:\Users\andre\Desktop\TPCM_Reshape\db\create_tables\update_transactions.sql", "PL/SQL", 0, 0, 11, 0, 0, 0, 0, 0, 0, 0, 0, 3, 14
"c:\Users\andre\Desktop\TPCM_Reshape\db\create_tablespaces\create_tablespaces.sql", "PL/SQL", 0, 0, 12, 0, 0, 0, 0, 0, 0, 0, 2, 1, 15
"c:\Users\andre\Desktop\TPCM_Reshape\db\create_users\create_users.sql", "PL/SQL", 0, 0, 10, 0, 0, 0, 0, 0, 0, 0, 2, 3, 15
"c:\Users\andre\Desktop\TPCM_Reshape\db\procedures\deleteOldAppEvents\deleteOldAppEvents.sql", "PL/SQL", 0, 0, 16, 0, 0, 0, 0, 0, 0, 0, 0, 3, 19
"c:\Users\andre\Desktop\TPCM_Reshape\db\procedures\deleteOldCustomerLogs\deleteOldCustomerLogs.sql", "PL/SQL", 0, 0, 16, 0, 0, 0, 0, 0, 0, 0, 0, 3, 19
"c:\Users\andre\Desktop\TPCM_Reshape\db\procedures\deleteOldSubscriberLogs\delteOldSubscriberLogs.sql", "PL/SQL", 0, 0, 16, 0, 0, 0, 0, 0, 0, 0, 0, 3, 19
"c:\Users\andre\Desktop\TPCM_Reshape\db\procedures\deleteOldTransactions\deleteOldTransactions.sql", "PL/SQL", 0, 0, 25, 0, 0, 0, 0, 0, 0, 0, 0, 5, 30
"c:\Users\andre\Desktop\TPCM_Reshape\db\procedures\deleteUncommitted\deleteUncommitted.sql", "PL/SQL", 0, 0, 25, 0, 0, 0, 0, 0, 0, 0, 0, 5, 30
"c:\Users\andre\Desktop\TPCM_Reshape\db\procedures\partitionTransactions\partitionTransactions.sql", "PL/SQL", 0, 0, 24, 0, 0, 0, 0, 0, 0, 0, 3, 7, 34
"c:\Users\andre\Desktop\TPCM_Reshape\db\procedures\resetThreshold\resetThreshold.sql", "PL/SQL", 0, 0, 12, 0, 0, 0, 0, 0, 0, 0, 0, 1, 13
"c:\Users\andre\Desktop\TPCM_Reshape\docker-compose.yml", "YAML", 35, 0, 0, 0, 0, 0, 0, 0, 0, 0, 0, 3, 38
"c:\Users\andre\Desktop\TPCM_Reshape\tpcm-scheduler\.dockerignore", "Ignore", 0, 5, 0, 0, 0, 0, 0, 0, 0, 0, 0, 0, 5
"c:\Users\andre\Desktop\TPCM_Reshape\tpcm-scheduler\.mvn\wrapper\maven-wrapper.properties", "Properties", 0, 0, 0, 0, 0, 3, 0, 0, 0, 0, 0, 1, 4
"c:\Users\andre\Desktop\TPCM_Reshape\tpcm-scheduler\Dockerfile", "Docker", 0, 0, 0, 0, 0, 0, 0, 0, 0, 14, 0, 8, 22
"c:\Users\andre\Desktop\TPCM_Reshape\tpcm-scheduler\logs\procedures.log", "Log", 0, 0, 0, 0, 0, 0, 0, 0, 0, 0, 0, 1, 1
"c:\Users\andre\Desktop\TPCM_Reshape\tpcm-scheduler\logs\scheduler-2025-11-16.log", "Log", 0, 0, 0, 0, 0, 0, 0, 0, 32, 0, 0, 1, 33
"c:\Users\andre\Desktop\TPCM_Reshape\tpcm-scheduler\logs\scheduler-2025-11-17.log", "Log", 0, 0, 0, 0, 0, 0, 0, 0, 3717, 0, 0, 50, 3767
"c:\Users\andre\Desktop\TPCM_Reshape\tpcm-scheduler\logs\scheduler.log", "Log", 0, 0, 0, 0, 0, 0, 0, 0, 2232, 0, 0, 17, 2249
"c:\Users\andre\Desktop\TPCM_Reshape\tpcm-scheduler\mvnw.cmd", "Batch", 0, 0, 0, 0, 0, 0, 0, 139, 0, 0, 26, 25, 190
"c:\Users\andre\Desktop\TPCM_Reshape\tpcm-scheduler\pom.xml", "XML", 0, 0, 0, 0, 95, 0, 0, 0, 0, 0, 4, 4, 103
"c:\Users\andre\Desktop\TPCM_Reshape\tpcm-scheduler\src\main\java\com\example\tpcmscheduler\TpcmSchedulerApplication.java", "Java", 0, 0, 0, 0, 0, 0, 11, 0, 0, 0, 0, 5, 16
"c:\Users\andre\Desktop\TPCM_Reshape\tpcm-scheduler\src\main\java\com\example\tpcmscheduler\config\AppDataSourceConfig.java", "Java", 0, 0, 0, 0, 0, 0, 35, 0, 0, 0, 0, 7, 42
"c:\Users\andre\Desktop\TPCM_Reshape\tpcm-scheduler\src\main\java\com\example\tpcmscheduler\config\ClientsDataSourceConfig.java", "Java", 0, 0, 0, 0, 0, 0, 31, 0, 0, 0, 0, 6, 37
"c:\Users\andre\Desktop\TPCM_Reshape\tpcm-scheduler\src\main\java\com\example\tpcmscheduler\service\DatabaseScheduler.java", "Java", 0, 0, 0, 0, 0, 0, 88, 0, 0, 0, 0, 12, 100
"c:\Users\andre\Desktop\TPCM_Reshape\tpcm-scheduler\src\main\java\com\example\tpcmscheduler\util\DataSourceUtil.java", "Java", 0, 0, 0, 0, 0, 0, 23, 0, 0, 0, 0, 7, 30
"c:\Users\andre\Desktop\TPCM_Reshape\tpcm-scheduler\src\main\java\com\example\tpcmscheduler\util\HikariConstants.java", "Java", 0, 0, 0, 0, 0, 0, 7, 0, 0, 0, 0, 1, 8
"c:\Users\andre\Desktop\TPCM_Reshape\tpcm-scheduler\src\main\java\com\example\tpcmscheduler\util\ScheduleConstants.java", "Java", 0, 0, 0, 0, 0, 0, 10, 0, 0, 0, 0, 8, 18
"c:\Users\andre\Desktop\TPCM_Reshape\tpcm-scheduler\src\main\resources\application-docker.properties", "Properties", 0, 0, 0, 0, 0, 15, 0, 0, 0, 0, 1, 5, 21
"c:\Users\andre\Desktop\TPCM_Reshape\tpcm-scheduler\src\main\resources\application.properties", "Properties", 0, 0, 0, 0, 0, 12, 0, 0, 0, 0, 0, 4, 16
"c:\Users\andre\Desktop\TPCM_Reshape\tpcm-scheduler\src\main\resources\logback-spring.xml", "XML", 0, 0, 0, 0, 24, 0, 0, 0, 0, 0, 0, 5, 29
"c:\Users\andre\Desktop\TPCM_Reshape\tpcm-scheduler\src\test\java\com\example\tpcmscheduler\TpcmSchedulerApplicationTests.java", "Java", 0, 0, 0, 0, 0, 0, 9, 0, 0, 0, 0, 5, 14
"c:\Users\andre\Desktop\TPCM_Reshape\tpcm_spring\.mvn\wrapper\maven-wrapper.properties", "Properties", 0, 0, 0, 0, 0, 3, 0, 0, 0, 0, 16, 1, 20
"c:\Users\andre\Desktop\TPCM_Reshape\tpcm_spring\mvnw.cmd", "Batch", 0, 0, 0, 0, 0, 0, 0, 108, 0, 0, 26, 16, 150
"c:\Users\andre\Desktop\TPCM_Reshape\tpcm_spring\pom.xml", "XML", 0, 0, 0, 0, 119, 0, 0, 0, 0, 0, 0, 5, 124
"c:\Users\andre\Desktop\TPCM_Reshape\tpcm_spring\src\main\java\com\example\tpcm_spring\TpcmSpringApplication.java", "Java", 0, 0, 0, 0, 0, 0, 9, 0, 0, 0, 1, 4, 14
"c:\Users\andre\Desktop\TPCM_Reshape\tpcm_spring\src\main\java\com\example\tpcm_spring\config\AppDataSourceConfig.java", "Java", 0, 0, 0, 0, 0, 0, 74, 0, 0, 0, 0, 13, 87
"c:\Users\andre\Desktop\TPCM_Reshape\tpcm_spring\src\main\java\com\example\tpcm_spring\config\ClientsDataSourceConfig.java", "Java", 0, 0, 0, 0, 0, 0, 58, 0, 0, 0, 0, 9, 67
"c:\Users\andre\Desktop\TPCM_Reshape\tpcm_spring\src\main\java\com\example\tpcm_spring\config\CorsConfig.java", "Java", 0, 0, 0, 0, 0, 0, 31, 0, 0, 0, 0, 11, 42
"c:\Users\andre\Desktop\TPCM_Reshape\tpcm_spring\src\main\java\com\example\tpcm_spring\config\DataInitializer.java", "Java", 0, 0, 0, 0, 0, 0, 35, 0, 0, 0, 0, 7, 42
"c:\Users\andre\Desktop\TPCM_Reshape\tpcm_spring\src\main\java\com\example\tpcm_spring\config\KafkaProducerConfig.java", "Java", 0, 0, 0, 0, 0, 0, 48, 0, 0, 0, 0, 13, 61
"c:\Users\andre\Desktop\TPCM_Reshape\tpcm_spring\src\main\java\com\example\tpcm_spring\config\SecurityConfig.java", "Java", 0, 0, 0, 0, 0, 0, 39, 0, 0, 0, 1, 9, 49
"c:\Users\andre\Desktop\TPCM_Reshape\tpcm_spring\src\main\java\com\example\tpcm_spring\config\SwaggerConfig.java", "Java", 0, 0, 0, 0, 0, 0, 16, 0, 0, 0, 0, 5, 21
"c:\Users\andre\Desktop\TPCM_Reshape\tpcm_spring\src\main\java\com\example\tpcm_spring\controller\app\AppUserControllerApp.java", "Java", 0, 0, 0, 0, 0, 0, 46, 0, 0, 0, 0, 12, 58
"c:\Users\andre\Desktop\TPCM_Reshape\tpcm_spring\src\main\java\com\example\tpcm_spring\controller\app\CustomerControllerApp.java", "Java", 0, 0, 0, 0, 0, 0, 53, 0, 0, 0, 0, 13, 66
"c:\Users\andre\Desktop\TPCM_Reshape\tpcm_spring\src\main\java\com\example\tpcm_spring\controller\app\LimitController.java", "Java", 0, 0, 0, 0, 0, 0, 37, 0, 0, 0, 0, 10, 47
"c:\Users\andre\Desktop\TPCM_Reshape\tpcm_spring\src\main\java\com\example\tpcm_spring\controller\app\LogEventController.java", "Java", 0, 0, 0, 0, 0, 0, 56, 0, 0, 0, 0, 14, 70
"c:\Users\andre\Desktop\TPCM_Reshape\tpcm_spring\src\main\java\com\example\tpcm_spring\controller\app\SubscriberControllerApp.java", "Java", 0, 0, 0, 0, 0, 0, 45, 0, 0, 0, 0, 12, 57
"c:\Users\andre\Desktop\TPCM_Reshape\tpcm_spring\src\main\java\com\example\tpcm_spring\controller\app\ThirdPartyController.java", "Java", 0, 0, 0, 0, 0, 0, 47, 0, 0, 0, 0, 12, 59
"c:\Users\andre\Desktop\TPCM_Reshape\tpcm_spring\src\main\java\com\example\tpcm_spring\controller\app\TransactionController.java", "Java", 0, 0, 0, 0, 0, 0, 53, 0, 0, 0, 0, 14, 67
"c:\Users\andre\Desktop\TPCM_Reshape\tpcm_spring\src\main\java\com\example\tpcm_spring\controller\app\TransactionFlowController.java", "Java", 0, 0, 0, 0, 0, 0, 83, 0, 0, 0, 0, 12, 95
"c:\Users\andre\Desktop\TPCM_Reshape\tpcm_spring\src\main\java\com\example\tpcm_spring\controller\clients\AppUserControllerClients.java", "Java", 0, 0, 0, 0, 0, 0, 43, 0, 0, 0, 0, 11, 54
"c:\Users\andre\Desktop\TPCM_Reshape\tpcm_spring\src\main\java\com\example\tpcm_spring\controller\clients\CustomerControllerClients.java", "Java", 0, 0, 0, 0, 0, 0, 109, 0, 0, 0, 0, 17, 126
"c:\Users\andre\Desktop\TPCM_Reshape\tpcm_spring\src\main\java\com\example\tpcm_spring\controller\clients\CustomerLogsController.java", "Java", 0, 0, 0, 0, 0, 0, 61, 0, 0, 0, 1, 13, 75
"c:\Users\andre\Desktop\TPCM_Reshape\tpcm_spring\src\main\java\com\example\tpcm_spring\controller\clients\SubscriberControllerClients.java", "Java", 0, 0, 0, 0, 0, 0, 83, 0, 0, 0, 0, 14, 97
"c:\Users\andre\Desktop\TPCM_Reshape\tpcm_spring\src\main\java\com\example\tpcm_spring\controller\clients\SubscriberLogsController.java", "Java", 0, 0, 0, 0, 0, 0, 54, 0, 0, 0, 1, 13, 68
"c:\Users\andre\Desktop\TPCM_Reshape\tpcm_spring\src\main\java\com\example\tpcm_spring\docker-compose.yml", "YAML", 21, 0, 0, 0, 0, 0, 0, 0, 0, 0, 3, 1, 25
"c:\Users\andre\Desktop\TPCM_Reshape\tpcm_spring\src\main\java\com\example\tpcm_spring\dto\AppUserUpdateEvent.java", "Java", 0, 0, 0, 0, 0, 0, 18, 0, 0, 0, 0, 6, 24
"c:\Users\andre\Desktop\TPCM_Reshape\tpcm_spring\src\main\java\com\example\tpcm_spring\dto\CustomerUpdateEvent.java", "Java", 0, 0, 0, 0, 0, 0, 79, 0, 0, 0, 0, 12, 91
"c:\Users\andre\Desktop\TPCM_Reshape\tpcm_spring\src\main\java\com\example\tpcm_spring\dto\SubscriberUpdateEvent.java", "Java", 0, 0, 0, 0, 0, 0, 85, 0, 0, 0, 0, 13, 98
"c:\Users\andre\Desktop\TPCM_Reshape\tpcm_spring\src\main\java\com\example\tpcm_spring\exceptions\AppExceptionSource.java", "Java", 0, 0, 0, 0, 0, 0, 4, 0, 0, 0, 0, 1, 5
"c:\Users\andre\Desktop\TPCM_Reshape\tpcm_spring\src\main\java\com\example\tpcm_spring\exceptions\ConflictException.java", "Java", 0, 0, 0, 0, 0, 0, 13, 0, 0, 0, 0, 3, 16
"c:\Users\andre\Desktop\TPCM_Reshape\tpcm_spring\src\main\java\com\example\tpcm_spring\exceptions\ErrorMessageTemplate.java", "Java", 0, 0, 0, 0, 0, 0, 13, 0, 0, 0, 0, 3, 16
"c:\Users\andre\Desktop\TPCM_Reshape\tpcm_spring\src\main\java\com\example\tpcm_spring\exceptions\GlobalExceptionHandler.java", "Java", 0, 0, 0, 0, 0, 0, 45, 0, 0, 0, 0, 11, 56
"c:\Users\andre\Desktop\TPCM_Reshape\tpcm_spring\src\main\java\com\example\tpcm_spring\exceptions\NotFoundException.java", "Java", 0, 0, 0, 0, 0, 0, 13, 0, 0, 0, 0, 3, 16
"c:\Users\andre\Desktop\TPCM_Reshape\tpcm_spring\src\main\java\com\example\tpcm_spring\exceptions\ValidationException.java", "Java", 0, 0, 0, 0, 0, 0, 13, 0, 0, 0, 0, 3, 16
"c:\Users\andre\Desktop\TPCM_Reshape\tpcm_spring\src\main\java\com\example\tpcm_spring\kafka\producer\KafkaProducerService.java", "Java", 0, 0, 0, 0, 0, 0, 156, 0, 0, 0, 0, 33, 189
"c:\Users\andre\Desktop\TPCM_Reshape\tpcm_spring\src\main\java\com\example\tpcm_spring\models\app\AppUser.java", "Java", 0, 0, 0, 0, 0, 0, 31, 0, 0, 0, 4, 11, 46
"c:\Users\andre\Desktop\TPCM_Reshape\tpcm_spring\src\main\java\com\example\tpcm_spring\models\app\Customer.java", "Java", 0, 0, 0, 0, 0, 0, 30, 0, 0, 0, 4, 10, 44
"c:\Users\andre\Desktop\TPCM_Reshape\tpcm_spring\src\main\java\com\example\tpcm_spring\models\app\Limit.java", "Java", 0, 0, 0, 0, 0, 0, 32, 0, 0, 0, 2, 9, 43
"c:\Users\andre\Desktop\TPCM_Reshape\tpcm_spring\src\main\java\com\example\tpcm_spring\models\app\LogEvent.java", "Java", 0, 0, 0, 0, 0, 0, 36, 0, 0, 0, 0, 11, 47
"c:\Users\andre\Desktop\TPCM_Reshape\tpcm_spring\src\main\java\com\example\tpcm_spring\models\app\Subscriber.java", "Java", 0, 0, 0, 0, 0, 0, 40, 0, 0, 0, 3, 11, 54
"c:\Users\andre\Desktop\TPCM_Reshape\tpcm_spring\src\main\java\com\example\tpcm_spring\models\app\ThirdParty.java", "Java", 0, 0, 0, 0, 0, 0, 26, 0, 0, 0, 4, 8, 38
"c:\Users\andre\Desktop\TPCM_Reshape\tpcm_spring\src\main\java\com\example\tpcm_spring\models\app\Transaction.java", "Java", 0, 0, 0, 0, 0, 0, 44, 0, 0, 0, 2, 14, 60
"c:\Users\andre\Desktop\TPCM_Reshape\tpcm_spring\src\main\java\com\example\tpcm_spring\models\clients\AppUser.java", "Java", 0, 0, 0, 0, 0, 0, 27, 0, 0, 0, 4, 9, 40
"c:\Users\andre\Desktop\TPCM_Reshape\tpcm_spring\src\main\java\com\example\tpcm_spring\models\clients\Customer.java", "Java", 0, 0, 0, 0, 0, 0, 42, 0, 0, 0, 7, 14, 63
"c:\Users\andre\Desktop\TPCM_Reshape\tpcm_spring\src\main\java\com\example\tpcm_spring\models\clients\CustomerLogs.java", "Java", 0, 0, 0, 0, 0, 0, 35, 0, 0, 0, 0, 11, 46
"c:\Users\andre\Desktop\TPCM_Reshape\tpcm_spring\src\main\java\com\example\tpcm_spring\models\clients\Subscriber.java", "Java", 0, 0, 0, 0, 0, 0, 27, 0, 0, 0, 3, 8, 38
"c:\Users\andre\Desktop\TPCM_Reshape\tpcm_spring\src\main\java\com\example\tpcm_spring\models\clients\SubscriberLogs.java", "Java", 0, 0, 0, 0, 0, 0, 35, 0, 0, 0, 0, 11, 46
"c:\Users\andre\Desktop\TPCM_Reshape\tpcm_spring\src\main\java\com\example\tpcm_spring\repository\app\AppUserRepositoryApp.java", "Java", 0, 0, 0, 0, 0, 0, 10, 0, 0, 0, 0, 5, 15
"c:\Users\andre\Desktop\TPCM_Reshape\tpcm_spring\src\main\java\com\example\tpcm_spring\repository\app\CustomerRepositoryApp.java", "Java", 0, 0, 0, 0, 0, 0, 11, 0, 0, 0, 0, 6, 17
"c:\Users\andre\Desktop\TPCM_Reshape\tpcm_spring\src\main\java\com\example\tpcm_spring\repository\app\LimitRepository.java", "Java", 0, 0, 0, 0, 0, 0, 11, 0, 0, 0, 0, 5, 16
"c:\Users\andre\Desktop\TPCM_Reshape\tpcm_spring\src\main\java\com\example\tpcm_spring\repository\app\LogEventRepository.java", "Java", 0, 0, 0, 0, 0, 0, 13, 0, 0, 0, 0, 7, 20
"c:\Users\andre\Desktop\TPCM_Reshape\tpcm_spring\src\main\java\com\example\tpcm_spring\repository\app\SubscriberRepositoryApp.java", "Java", 0, 0, 0, 0, 0, 0, 12, 0, 0, 0, 0, 4, 16
"c:\Users\andre\Desktop\TPCM_Reshape\tpcm_spring\src\main\java\com\example\tpcm_spring\repository\app\ThirdPartyRepository.java", "Java", 0, 0, 0, 0, 0, 0, 11, 0, 0, 0, 0, 7, 18
"c:\Users\andre\Desktop\TPCM_Reshape\tpcm_spring\src\main\java\com\example\tpcm_spring\repository\app\TransactionRepository.java", "Java", 0, 0, 0, 0, 0, 0, 13, 0, 0, 0, 0, 7, 20
"c:\Users\andre\Desktop\TPCM_Reshape\tpcm_spring\src\main\java\com\example\tpcm_spring\repository\clients\AppUserRepositoryClients.java", "Java", 0, 0, 0, 0, 0, 0, 8, 0, 0, 0, 0, 3, 11
"c:\Users\andre\Desktop\TPCM_Reshape\tpcm_spring\src\main\java\com\example\tpcm_spring\repository\clients\CustomerLogsRepository.java", "Java", 0, 0, 0, 0, 0, 0, 13, 0, 0, 0, 0, 4, 17
"c:\Users\andre\Desktop\TPCM_Reshape\tpcm_spring\src\main\java\com\example\tpcm_spring\repository\clients\CustomerRepositoryClients.java", "Java", 0, 0, 0, 0, 0, 0, 11, 0, 0, 0, 0, 6, 17
"c:\Users\andre\Desktop\TPCM_Reshape\tpcm_spring\src\main\java\com\example\tpcm_spring\repository\clients\SubscriberLogsRepository.java", "Java", 0, 0, 0, 0, 0, 0, 13, 0, 0, 0, 0, 4, 17
"c:\Users\andre\Desktop\TPCM_Reshape\tpcm_spring\src\main\java\com\example\tpcm_spring\repository\clients\SubscriberRepositoryClients.java", "Java", 0, 0, 0, 0, 0, 0, 12, 0, 0, 0, 0, 8, 20
"c:\Users\andre\Desktop\TPCM_Reshape\tpcm_spring\src\main\java\com\example\tpcm_spring\service\app\AppUserServiceApp.java", "Java", 0, 0, 0, 0, 0, 0, 108, 0, 0, 0, 0, 22, 130
"c:\Users\andre\Desktop\TPCM_Reshape\tpcm_spring\src\main\java\com\example\tpcm_spring\service\app\CustomUserDetailsService.java", "Java", 0, 0, 0, 0, 0, 0, 26, 0, 0, 0, 0, 5, 31
"c:\Users\andre\Desktop\TPCM_Reshape\tpcm_spring\src\main\java\com\example\tpcm_spring\service\app\CustomerServiceApp.java", "Java", 0, 0, 0, 0, 0, 0, 101, 0, 0, 0, 0, 21, 122
"c:\Users\andre\Desktop\TPCM_Reshape\tpcm_spring\src\main\java\com\example\tpcm_spring\service\app\LimitServiceApp.java", "Java", 0, 0, 0, 0, 0, 0, 97, 0, 0, 0, 0, 20, 117
"c:\Users\andre\Desktop\TPCM_Reshape\tpcm_spring\src\main\java\com\example\tpcm_spring\service\app\LogEventServiceApp.java", "Java", 0, 0, 0, 0, 0, 0, 52, 0, 0, 0, 0, 14, 66
"c:\Users\andre\Desktop\TPCM_Reshape\tpcm_spring\src\main\java\com\example\tpcm_spring\service\app\SubscriberServiceApp.java", "Java", 0, 0, 0, 0, 0, 0, 117, 0, 0, 0, 1, 30, 148
"c:\Users\andre\Desktop\TPCM_Reshape\tpcm_spring\src\main\java\com\example\tpcm_spring\service\app\ThirdPartyServiceApp.java", "Java", 0, 0, 0, 0, 0, 0, 87, 0, 0, 0, 0, 19, 106
"c:\Users\andre\Desktop\TPCM_Reshape\tpcm_spring\src\main\java\com\example\tpcm_spring\service\app\TransactionFlowService.java", "Java", 0, 0, 0, 0, 0, 0, 176, 0, 0, 0, 0, 42, 218
"c:\Users\andre\Desktop\TPCM_Reshape\tpcm_spring\src\main\java\com\example\tpcm_spring\service\app\TransactionServiceApp.java", "Java", 0, 0, 0, 0, 0, 0, 143, 0, 0, 0, 0, 28, 171
"c:\Users\andre\Desktop\TPCM_Reshape\tpcm_spring\src\main\java\com\example\tpcm_spring\service\clients\AppUserServiceClients.java", "Java", 0, 0, 0, 0, 0, 0, 106, 0, 0, 0, 0, 22, 128
"c:\Users\andre\Desktop\TPCM_Reshape\tpcm_spring\src\main\java\com\example\tpcm_spring\service\clients\CustomerLogsServiceClients.java", "Java", 0, 0, 0, 0, 0, 0, 63, 0, 0, 0, 0, 13, 76
"c:\Users\andre\Desktop\TPCM_Reshape\tpcm_spring\src\main\java\com\example\tpcm_spring\service\clients\CustomerServiceClients.java", "Java", 0, 0, 0, 0, 0, 0, 184, 0, 0, 0, 0, 38, 222
"c:\Users\andre\Desktop\TPCM_Reshape\tpcm_spring\src\main\java\com\example\tpcm_spring\service\clients\SubscriberLogsServiceClients.java", "Java", 0, 0, 0, 0, 0, 0, 47, 0, 0, 0, 0, 13, 60
"c:\Users\andre\Desktop\TPCM_Reshape\tpcm_spring\src\main\java\com\example\tpcm_spring\service\clients\SubscriberServiceClients.java", "Java", 0, 0, 0, 0, 0, 0, 162, 0, 0, 0, 2, 37, 201
"c:\Users\andre\Desktop\TPCM_Reshape\tpcm_spring\src\main\java\com\example\tpcm_spring\util\DataSourceUtil.java", "Java", 0, 0, 0, 0, 0, 0, 23, 0, 0, 0, 0, 8, 31
"c:\Users\andre\Desktop\TPCM_Reshape\tpcm_spring\src\main\java\com\example\tpcm_spring\util\HikariConstants.java", "Java", 0, 0, 0, 0, 0, 0, 7, 0, 0, 0, 0, 3, 10
"c:\Users\andre\Desktop\TPCM_Reshape\tpcm_spring\src\main\resources\application.properties", "Properties", 0, 0, 0, 0, 0, 6, 0, 0, 0, 0, 21, 3, 30
"c:\Users\andre\Desktop\TPCM_Reshape\tpcm_spring\src\main\resources\logback-spring.xml", "XML", 0, 0, 0, 0, 12, 0, 0, 0, 0, 0, 5, 5, 22
"c:\Users\andre\Desktop\TPCM_Reshape\tpcm_spring\src\test\java\com\example\tpcm_spring\TpcmSpringApplicationTests.java", "Java", 0, 0, 0, 0, 0, 0, 9, 0, 0, 0, 0, 5, 14
"Total", "-", 73, 5, 378, 35, 653, 56, 6736, 463, 5981, 14, 324, 1864, 16582